bids_name	aor	aqi	dummy_trs	dvars_nstd	dvars_std	dvars_vstd	efc	fber	fd_mean	fd_num	fd_perc	fwhm_avg	fwhm_x	fwhm_y	fwhm_z	gcor	gsr_x	gsr_y	size_t	size_x	size_y	size_z	snr	spacing_tr	spacing_x	spacing_y	spacing_z	summary_bg_k	summary_bg_mad	summary_bg_mean	summary_bg_median	summary_bg_n	summary_bg_p05	summary_bg_p95	summary_bg_stdv	summary_fg_k	summary_fg_mad	summary_fg_mean	summary_fg_median	summary_fg_n	summary_fg_p05	summary_fg_p95	summary_fg_stdv	tsnr
sub-01_task-rest_acq-moldOFF_run-1_bold	0.002034416666666666	0.004873774305555556	0	25.944856702089112	1.055082152618384	1.0256517977994433	0.42580260315003987	5885.19873046875	0.1519619896273471	97	26.944444444444443	2.9075096245684784	2.6821496269733234	3.2221168587197977	2.818262388012314	0.0110037	-0.012315238825976849	0.06264379620552063	360	90	90	66	2.964098999557885	0.800000011920929	2.4000003337860107	2.3999998569488525	2.4000000953674316	25.80678774516584	9.678098188362588	32.9837532043457	8.311111450195312	401109.0	1.4888889789581299	156.76277465820306	67.8560562133789	-0.03518341405965453	208.0956276639017	639.1473999023438	603.6111450195312	66195.0	367.10389404296876	1007.6897460937499	203.63914489746094	48.92636317759752
sub-01_task-rest_acq-moldOFF_run-2_bold	0.0013948055555555554	0.004398636444444445	0	26.867791205153203	1.056717968523676	1.0151015930640666	0.42592295807291375	5916.85302734375	0.17175761413128376	130	36.111111111111114	2.880415180906924	2.6547746307805693	3.185871023226044	2.800599888714159	0.01339	-0.012094787321984768	0.06156150996685028	360	90	90	66	2.9605756634404004	0.800000011920929	2.4000003337860107	2.3999998569488525	2.4000000953674316	26.643048206302133	9.661624787176093	33.30197525024414	8.31944465637207	401222.0	1.4555555582046509	158.86930694580064	68.98243713378906	-0.009671110758763923	208.7009662589147	641.4805908203125	605.4569702148438	66312.0	369.56265411376955	1011.1497436523438	204.5049591064453	49.179912872612476
sub-01_task-rest_acq-moldON_run-1_bold	0.00029	0.004190139527777777	0	25.209984723676882	1.0239122776880214	1.0009369233147631	0.4277315224356112	6070.84912109375	0.12620637974350318	36	10.0	2.844724886960789	2.627729062250095	3.120141542683381	2.7863040559488907	0.00345058	-0.012243466451764107	0.0766071155667305	360	90	90	66	3.1581801546001906	0.800000011920929	2.4000000953674316	2.4000000953674316	2.4000000953674316	36.74319997605982	8.862666508660618	30.879188537597656	7.711111068725586	400362.0	1.4611111879348755	147.56041717529232	64.10338592529297	0.04456440128357819	186.39193830261888	606.0067749023438	577.4722290039062	65415.0	357.201123046875	936.2744689941405	182.84828186035156	54.155569557566196
sub-01_task-rest_acq-moldON_run-2_bold	0.0007388611111111111	0.004872901666666666	0	25.795907017855153	1.0307684870752087	1.00459182908078	0.4276721297875123	6192.03076171875	0.13811278694551715	67	18.61111111111111	2.8595276641503573	2.6327998953819316	3.136004042053062	2.8097790550160786	0.0110932	-0.01239490881562233	0.07568620145320892	360	90	90	66	3.142934034189266	0.800000011920929	2.4000000953674316	2.4000000953674316	2.4000000953674316	35.625558288159674	8.833838454249154	31.24910545349121	7.69444465637207	401088.0	1.4583333730697632	149.8647247314451	64.76454162597656	0.06301148440362647	187.62333789914135	607.6726684570312	578.7972412109375	65399.0	356.8638916015625	940.1972351074219	184.15684509277344	50.53826003102586
sub-02_task-rest_acq-moldOFF_run-1_bold	0.0022290555555555553	0.008538378555555556	0	36.20434025211697	1.088326170863511	1.0101207745403902	0.45840395174511367	5606.771484375	0.2062216748586221	156	43.333333333333336	3.172712589185639	3.0175665467593453	3.135116853534193	3.365454367263379	0.00741823	-0.008364921435713768	0.05194026976823807	360	90	90	66	2.386330006586816	0.800000011920929	2.4000000953674316	2.3999998569488525	2.3999998569488525	25.72305634638267	8.68145980256899	27.703340530395508	7.563889026641846	369244.0	1.369444489479065	129.75277709960938	54.41803741455078	2.3951886053329794	199.80329428086014	600.5997314453125	552.8388671875	90858.0	326.38680267333984	1050.0016662597657	231.6678009033203	36.07938678620849
sub-02_task-rest_acq-moldOFF_run-2_bold	0.004402638888888889	0.012225336777777778	0	42.40301916392759	1.062178714150418	1.0014645279665741	0.4594365635655132	5404.23486328125	0.31904239203587137	202	56.111111111111114	3.1874848116820984	3.035874879365171	3.130971019953749	3.3956085357273738	0.0153341	-0.007375769782811403	0.04985188692808151	360	90	90	66	2.3856544665275528	0.800000011920929	2.4000000953674316	2.3999998569488525	2.3999998569488525	25.488168881132157	8.759708060539943	27.596506118774414	7.661111354827881	368735.0	1.4111111164093018	128.70360717773434	53.73381805419922	2.469969322796521	198.46690266627	599.168212890625	551.2111206054688	91023.0	325.9305725097656	1047.5661499023433	231.0511016845703	29.598275955184363
sub-02_task-rest_acq-moldON_run-1_bold	0.0071050555555555546	0.00583529475	0	34.267529644429004	1.1316353595543178	1.0871607043175482	0.466105249081721	4796.91357421875	0.19301548445724587	132	36.666666666666664	2.9785776594197357	2.805266555195389	3.0186248800506243	3.1118415430131936	0.00798234	-0.007873508147895336	0.07706674188375473	360	90	90	66	2.6991094136928204	0.800000011920929	2.4000000953674316	2.4000000953674316	2.4000000953674316	41.55589568021222	9.278619225844809	27.775972366333008	7.863889217376709	369386.0	1.3055555820465088	125.1138916015625	54.29352569580078	0.47833625647475664	193.55576019475566	570.5844116210938	533.9847412109375	90424.0	315.4054138183594	941.9760040283201	197.83628845214844	38.641538594383746
sub-02_task-rest_acq-moldON_run-2_bold	0.0020786944444444446	0.008353647055555555	0	33.66032103623956	1.034622470194986	0.9976843927576599	0.46709892403392955	4537.1044921875	0.1897287819043836	142	39.44444444444444	3.021999879916514	2.8359748873084825	3.057733211829932	3.1722915406111265	0.00517576	-0.007730940356850624	0.07766564935445786	360	90	90	66	2.690427445438655	0.800000011920929	2.4000000953674316	2.4000000953674316	2.4000000953674316	47.74791527000562	9.525719890162339	28.03363800048828	8.091667175292969	368811.0	1.3583333492279053	124.85972595214844	54.65244674682617	0.47763374066424413	193.91822132672735	571.8328857421875	534.6722412109375	90634.0	314.59903411865236	946.7094543457031	198.73023986816406	34.34104998735711
sub-03_task-rest_acq-moldOFF_run-1_bold	0.0007458611111111112	0.009367737333333332	0	31.517638341977733	1.0243702038997224	0.949820890473538	0.4710498769101479	2958.0087890625	0.13775415442542416	52	14.444444444444445	3.1984929284588657	2.8305998875220664	3.409933197834762	3.3549457000197687	0.0148354	0.025881826877593994	0.02881726436316967	360	90	90	66	2.239283657036649	0.800000011920929	2.4000000953674316	2.4000000953674316	2.4000000953674316	25.609570401851062	11.399564282222492	39.61452102661133	10.561111450195312	365379.0	1.6861110925674438	199.95028991699212	83.60271453857422	1.421325456279832	230.77118884078203	652.789306640625	592.8416748046875	84918.0	333.058349609375	1177.848040771484	264.74456787109375	36.26975635252893
sub-03_task-rest_acq-moldOFF_run-2_bold	0.0019056388888888886	0.005810549972222222	0	37.18840152771588	1.1488807698050132	1.010108192618384	0.4751268049854029	2634.082275390625	0.1362493038221625	64	17.77777777777778	3.1355345976272715	2.8293790542372443	3.332212367589777	3.2450123710547936	0.0268305	0.029148206114768982	0.018651889637112617	360	90	90	66	2.216964076108219	0.800000011920929	2.4000000953674316	2.4000000953674316	2.4000000953674316	26.548026422732587	11.910239895743834	38.44245147705078	10.875	360462.0	1.658333420753479	193.34917297363302	79.1958999633789	0.7644474552507803	251.36080000302115	653.1158447265625	595.0416259765625	85620.0	320.3434799194336	1172.8893310546875	268.4022521972656	41.44775333092548
sub-03_task-rest_acq-moldON_run-1_bold	0.0006302777777777778	0.005019796416666666	0	27.219113267855146	1.031739720724235	0.9950351710306409	0.47738873829190037	2670.872802734375	0.0770433666608383	13	3.611111111111111	3.1546873746439865	2.759191557026245	3.4306915303432337	3.274179036562481	0.0143108	0.022874120622873306	0.039428334683179855	360	90	90	66	2.3788873798546284	0.800000011920929	2.4000000953674316	2.4000000953674316	2.4000000953674316	21.151409057897588	11.638427980836838	38.701663970947266	10.63888931274414	364973.0	1.6750000715255737	197.2461120605465	78.12315368652344	0.851011363514997	212.333314546996	615.654052734375	562.4305419921875	85637.0	322.60222778320315	1072.5806152343748	236.42449951171875	47.619995102752
sub-03_task-rest_acq-moldON_run-2_bold	0.0007636944444444444	0.00507056363888889	0	30.369934629220054	1.084009172729805	1.000048584150418	0.47011093635912854	2657.16845703125	0.07577568558568491	12	3.3333333333333335	3.158859596700419	2.8478915535016234	3.4003415315492336	3.2283457050504007	0.0360002	0.02022596448659897	0.03341184929013252	360	90	90	66	2.3481394437366827	0.800000011920929	2.4000000953674316	2.4000000953674316	2.4000000953674316	28.021967683737515	12.19440310581661	39.42939758300781	11.027777671813965	369347.0	1.6527777910232544	201.06805419921892	80.18291473388672	0.4593870832594211	239.18699699965066	635.9542846679688	583.7833251953125	81934.0	320.3220962524414	1102.9908569335937	248.61375427246094	44.971344073303044
sub-04_task-rest_acq-moldOFF_run-1_bold	0.0013125555555555555	0.004864671694444445	0	31.0937427267131	1.0701931814763228	1.0065077734261842	0.4588497763542447	5714.52392578125	0.13972093401582522	62	17.22222222222222	3.034145819156265	2.779299889560545	3.110295709741286	3.212841858166964	0.0102569	-0.015303568914532661	0.04444652423262596	360	90	90	66	2.5670903725502887	0.800000011920929	2.4000000953674316	2.4000000953674316	2.3999998569488525	32.17989792939282	8.294335846756093	28.402870178222656	7.386111259460449	371304.0	1.3972222805023193	139.24083557128893	59.4030876159668	1.8419019235664118	196.11328069347815	589.361328125	549.4180908203125	88850.0	316.60347747802734	983.2101654052734	214.0224609375	42.62104385532439
sub-04_task-rest_acq-moldOFF_run-2_bold	0.000938888888888889	0.006506255638888889	0	34.99277326877437	1.0741803328133703	0.9869171421169913	0.4602678581064233	5635.49072265625	0.18885617539733446	146	40.55555555555556	3.0431416521129577	2.770999889890357	3.1461623749827394	3.2122626914657766	0.0307834	-0.015676224604249	0.04394359886646271	360	90	90	66	2.5721340967101582	0.800000011920929	2.4000000953674316	2.4000000953674316	2.3999998569488525	28.12826727014989	8.384939288171886	28.834327697753906	7.486111164093018	370939.0	1.4194444417953491	142.34223022460924	59.7373161315918	1.6753990433008639	197.69261763925317	593.0458984375	553.29443359375	89293.0	317.4061218261719	987.5839111328124	215.10983276367188	38.980517853749916
sub-04_task-rest_acq-moldON_run-1_bold	0.0005784444444444445	0.0036185031388888894	0	27.903294332339804	1.0286157028969356	0.9949556504735375	0.459472361180352	4498.69677734375	0.10085159158386822	9	2.5	3.035977657138865	2.8326457207741056	3.165770707536908	3.1095165431055807	0.00875152	-0.01865985244512558	0.05130185931921005	360	90	90	66	2.561693584729613	0.800000011920929	2.4000000953674316	2.4000000953674316	2.4000000953674316	36.416788898188884	9.834595588004282	30.783891677856445	8.563889503479004	374003.0	1.5611110925674438	148.71361999511709	59.423622131347656	0.5897417869866688	211.44170812250042	608.42333984375	564.290283203125	87140.0	326.6602981567383	1021.2282012939453	220.27890014648438	47.67836689692922
sub-04_task-rest_acq-moldON_run-2_bold	0.0005371666666666667	0.003278799444444445	0	27.629175005431772	1.0328709970194985	1.0020346330362102	0.45956365269315874	4602.87890625	0.09813413484488402	11	3.0555555555555554	3.024284602047949	2.8132040548799813	3.1657915408694133	3.0938582103944534	0.0175258	-0.018182026222348213	0.05068511143326759	360	90	90	66	2.5628833679301044	0.800000011920929	2.4000000953674316	2.4000000953674316	2.4000000953674316	35.60594519546372	9.653387644732952	30.759939193725586	8.461111068725586	373884.0	1.5805555582046509	148.97889404296848	59.41031265258789	0.5439748974741434	211.31615205693788	608.2083129882812	564.2472534179688	87269.0	326.1766845703125	1021.2878173828125	220.15985107421875	48.48809110932052
sub-05_task-rest_acq-moldOFF_run-1_bold	0.002598027777777778	0.012402497916666668	0	37.180442905821685	1.0033464699442896	0.9724043300278549	0.4735574821080143	2890.165283203125	0.11184102292847105	32	8.88888888888889	2.9575457158110257	2.684774893316631	3.0098582137323135	3.178004040384132	0.00973285	0.0028404504992067814	0.052360497415065765	360	90	90	66	2.43211685942953	0.800000011920929	2.4000000953674316	2.4000000953674316	2.4000000953674316	17.01415146786414	10.077577327620325	36.5853157043457	8.783333778381348	375988.0	1.4361110925674438	193.16083984374941	73.07405853271484	1.6475973754801618	169.43053547170467	523.6197509765625	482.44586181640625	78578.0	282.29640808105466	919.2501647949217	198.3633270263672	29.845483044395223
sub-05_task-rest_acq-moldOFF_run-2_bold	0.0016565168539325844	0.006324548651685393	4	36.1473898069859	1.0993061751830988	1.0109193005352115	0.46739057079697266	3383.204833984375	0.07468664950827295	8	2.247191011235955	2.931784605723569	2.665937394065166	2.945066549640236	3.1843498734653046	0.00842347	-0.0006768974708393216	0.056657396256923676	356	90	90	66	2.3995192963852667	0.800000011920929	2.4000000953674316	2.4000000953674316	2.4000000953674316	17.90369799808332	9.362050736539231	35.823150634765625	8.182584762573242	379141.0	1.4073033332824707	190.36517333984375	73.45464324951172	1.766666596372275	166.95518067210347	521.06494140625	478.2191162109375	77684.0	283.7026611328125	923.1036529541008	199.29660034179688	38.16659697610885
sub-05_task-rest_acq-moldON_run-1_bold	0.0007827499999999999	0.0035766035833333333	0	33.24323654161559	1.0996582441225609	1.0097758198885787	0.4717555000507328	3309.8623046875	0.044245343722312556	0	0.0	2.8232221100374546	2.569824897884333	2.957604049142041	2.9422373830859905	0.00385177	0.004141372628509998	0.050600316375494	360	90	90	66	2.610070447757001	0.800000011920929	2.4000000953674316	2.4000000953674316	2.4000000953674316	16.559608462621952	9.715162854997324	37.092716217041016	8.566666603088379	377178.0	1.4916666746139526	199.40167541503868	77.19294738769531	0.5000696153699269	183.34230589503483	540.2716064453125	503.07501220703125	77414.0	292.00083312988284	901.5264038085935	192.7425994873047	46.10060173412785
sub-05_task-rest_acq-moldON_run-2_bold	0.008133944444444445	0.007720987999999999	0	36.088797641169904	1.146686777437325	1.0785087100557103	0.4724071989200258	3458.981689453125	0.08975473922718552	22	6.111111111111111	2.822059610083649	2.5728207310986226	2.9639457155567124	2.9294123835956105	0.00839565	0.005303467158228159	0.048928357660770416	360	90	90	66	2.614096031542493	0.800000011920929	2.4000000953674316	2.4000000953674316	2.4000000953674316	16.63182679195547	9.606027522114056	37.35333251953125	8.4375	377442.0	1.4611111879348755	197.44694213867194	77.2617416381836	0.5539984517614904	182.86869936664712	540.9486083984375	503.29583740234375	77346.0	293.8826370239258	902.3562622070312	192.53025817871094	36.34125752351247
sub-06_task-rest_acq-moldOFF_run-1_bold	0.00040377777777777775	0.007390250833333334	0	35.837819027855154	1.0428049315041776	0.983360767214484	0.5021918271282787	1661.8623046875	0.10444158626800985	23	6.388888888888889	2.84161655375097	2.5881415638231613	2.987999881267552	2.948708216162196	0.0057875	-0.011763100512325764	0.08748040348291397	360	90	90	66	2.6627952748249064	0.800000011920929	2.4000000953674316	2.4000000953674316	2.4000000953674316	17.66783634254806	13.302237435653941	40.244476318359375	11.305556297302246	365292.0	1.5666667222976685	192.94416503906257	72.47013092041016	0.8921378548908145	164.79950745132462	515.8994140625	482.05279541015625	81771.0	283.2875061035156	862.0653076171875	181.03150939941406	37.107889072969556
sub-06_task-rest_acq-moldOFF_run-2_bold	0.00031252777777777784	0.009606707027777777	0	34.49152874233983	1.0065505896100286	0.973046091002786	0.49769353024016866	1771.2320556640625	0.17137986554638604	117	32.5	2.79962766653057	2.5436873989229443	2.9957748809586016	2.8594207197101627	0.0188954	-0.01580171287059784	0.08314447104930878	360	90	90	66	2.7362422151754666	0.800000011920929	2.4000000953674316	2.4000000953674316	2.4000000953674316	15.657413361437545	14.064130163834895	44.3701171875	11.755556106567383	375890.0	1.5722222328186035	219.38722763061497	79.71800231933594	0.8543890501573386	167.60610403686576	533.3549194335938	499.25970458984375	78548.0	299.0957015991211	880.7673675537109	182.4606475830078	35.47132796701044
sub-06_task-rest_acq-moldON_run-1_bold	0.0004901944444444445	0.006435529944444444	0	32.66649639891366	1.0262690584679668	0.9949651193314754	0.4985320146839176	1504.3402099609375	0.13423854566409546	66	18.333333333333332	2.8174193324902586	2.5458707321695195	3.0197123800074106	2.886674885293846	0.0164062	-0.01115229818969965	0.08437669277191162	360	90	90	66	2.728589414234371	0.800000011920929	2.4000000953674316	2.4000000953674316	2.4000000953674316	15.327084133586798	15.254330615904921	44.07154083251953	12.766667366027832	375627.0	1.6147222876548746	210.8586151123048	77.01798248291016	0.661854915344505	169.45523947595586	534.2330932617188	499.26531982421875	78118.0	298.13194274902344	882.7931060791014	182.9744415283203	39.57546036900021
sub-06_task-rest_acq-moldON_run-2_bold	0.0006458888888888889	0.005701613472222223	0	31.49840125389975	1.0428334126462393	1.0056850094150414	0.498801484141021	1419.736572265625	0.09074170864795263	3	0.8333333333333334	2.937067938846962	2.6551498944938223	3.158487374492988	2.997566547554074	0.0303126	-0.012783311307430267	0.0815078392624855	360	90	90	66	2.568343376816423	0.800000011920929	2.4000000953674316	2.4000000953674316	2.4000000953674316	16.240717790336312	15.83089771329276	45.9962272644043	13.313889503479004	372606.0	1.6750000715255737	215.2694549560547	80.83578491210938	0.5256652180934451	190.86856629642878	551.5473022460938	512.6194458007812	78817.0	293.8433410644531	927.0711303710938	199.5902099609375	41.84962852858007
sub-07_task-rest_acq-moldOFF_run-1_bold	0.0011510000000000001	0.00459975361111111	0	35.64380224961005	1.167010994233983	1.0045271354038996	0.48289655829833567	3318.2734375	0.16769381202447817	114	31.666666666666668	3.2127040390052777	2.9358373833403038	3.411570697769694	3.2907040359058364	0.00931031	0.0015696986811235547	0.05474090576171875	360	90	90	66	2.3037428377719498	0.800000011920929	2.4000000953674316	2.4000000953674316	2.4000000953674316	20.8260819043841	11.189528991499527	39.12516403198242	9.966667175292969	358499.0	1.625	202.55028076171868	80.85301208496094	1.28939283459078	223.81321102802426	627.9362182617188	571.086181640625	97308.0	329.59084167480466	1108.2665527343747	247.89366149902344	45.45082449365873
sub-07_task-rest_acq-moldOFF_run-2_bold	0.0019454166666666671	0.006640838083333334	0	38.44402877437328	1.2093746655710298	0.9948975125905294	0.48342597818624866	2855.147705078125	0.11697428281175419	16	4.444444444444445	3.2043415393375736	2.9297165502501903	3.4466831963744484	3.236624871388083	0.0156644	0.0036202105693519115	0.051257114857435226	360	90	90	66	2.3418801834426546	0.800000011920929	2.4000000953674316	2.4000000953674316	2.4000000953674316	23.002104641673206	11.95142171968048	38.535037994384766	10.802778244018555	359591.0	1.6500000953674316	194.93333435058594	77.10711669921875	0.7442778747205803	235.6679206431498	624.483642578125	574.4583740234375	96267.0	318.4416809082031	1088.7667236328125	245.29666137695312	41.296131934504956
sub-07_task-rest_acq-moldON_run-1_bold	0.0004492222222222222	0.004390800777777777	0	34.45297125415037	1.170723598662952	0.9928526231476326	0.48300531823705384	3233.995361328125	0.07155137598904396	0	0.0	3.1952746508496674	2.876166552378076	3.3699161979871315	3.3397412021837947	0.00758588	0.005212964490056038	0.04934580251574516	360	90	90	66	2.3609014633328713	0.800000011920929	2.4000000953674316	2.4000003337860107	2.4000003337860107	20.953414117252375	11.07833340093571	39.489131927490234	10.002778053283691	360311.0	1.6305556297302246	203.29444885253906	82.80169677734375	0.9484028458181704	216.03782929438262	618.2412109375	563.9625244140625	95786.0	326.8826370239258	1082.2167358398438	238.8746795654297	48.29929870786145
sub-07_task-rest_acq-moldON_run-2_bold	0.0006823888888888888	0.0054106344166666666	0	40.53175827376045	1.2942397005013926	1.0013235208077997	0.48277265905716094	3221.216796875	0.06299414157710255	2	0.5555555555555556	3.148242930455621	2.87644571903365	3.3503082002040463	3.217974872129167	0.0204758	0.006819453090429306	0.05084238946437836	360	90	90	66	2.3921586448340206	0.800000011920929	2.4000000953674316	2.4000000953674316	2.4000000953674316	18.504517622673855	11.111279849828788	35.892093658447266	9.933333396911621	357685.0	1.5916666984558105	183.91167297363268	72.27718353271484	0.6506549347901234	225.13727326320333	610.2543334960938	561.6722412109375	96475.0	315.41945495605466	1056.522265625	234.7960205078125	46.307917116442695
sub-08_task-rest_acq-moldOFF_run-1_bold	0.004490361111111111	0.005989388388888888	0	34.53996714133702	1.122004236713091	1.0385047538440104	0.47784934777165783	2192.286865234375	0.19117045193311208	93	25.833333333333332	3.1814623735800436	2.9630207155934687	3.332649867572392	3.24871653757427	0.0299734	0.003796911798417568	0.031547244638204575	360	90	90	66	2.328446640652512	0.800000011920929	2.4000000953674316	2.4000000953674316	2.4000000953674316	17.424338399163968	14.77660321867623	43.29943084716797	12.575000762939453	372442.0	1.7277778387069702	202.66903228759776	76.2935791015625	0.3727332293372667	247.73048775924627	639.4658813476562	588.1278076171875	85947.0	319.77666015625	1114.0014404296874	252.58229064941406	38.94749111123383
sub-08_task-rest_acq-moldOFF_run-2_bold	0.0028901944444444444	0.007581422805555555	0	33.58110839598888	1.026508817771588	0.9627143929247912	0.48346937076887503	1930.7259521484375	0.207776383776025	176	48.888888888888886	3.2501804264049894	2.9694248820056566	3.5223290267018865	3.258787370507424	0.0164145	0.004723148886114359	0.05627967044711113	360	90	90	66	2.33098217750607	0.800000011920929	2.4000000953674316	2.4000000953674316	2.4000000953674316	18.596831441928245	15.003110319926078	41.369815826416016	12.883333206176758	367734.0	1.7416666746139526	185.2388916015625	71.64592742919922	0.7050198330071358	224.1035961915487	619.6652221679688	564.8722534179688	89141.0	316.9444580078125	1078.3416748046875	242.3309326171875	37.32734430767596
sub-08_task-rest_acq-moldON_run-1_bold	0.0008179722222222222	0.00917628225	0	33.67817329350975	0.9729137897771585	0.940657665403899	0.4834176237216823	1872.86181640625	0.21421341219774892	120	33.333333333333336	3.158302652278106	2.924170717137229	3.30835820187099	3.2423790378260997	0.039691	0.00017036177450791	0.04408349469304085	360	90	90	66	2.4845800082974456	0.800000011920929	2.4000000953674316	2.4000000953674316	2.4000000953674316	23.75944030036823	15.225501854533627	41.43130874633789	13.005556106567383	372654.0	1.75	186.18180694580033	71.0845947265625	0.34875477454810655	218.51497128843056	602.2607421875	557.8333740234375	86303.0	311.6222229003906	1025.3795043945313	224.51687622070312	30.616144261322916
sub-08_task-rest_acq-moldON_run-2_bold	0.010287083333333334	0.008491314444444445	0	36.99349155796658	1.1670043605571034	1.102730752089136	0.4840184363067986	1707.46875	0.29435780044318643	138	38.333333333333336	3.285958313798195	3.004183213957818	3.500483194236629	3.3532085332001373	0.0307871	0.006392800249159336	0.05455910414457321	360	90	90	66	2.3984116691779125	0.800000011920929	2.4000000953674316	2.4000000953674316	2.3999998569488525	22.417715219765597	15.019584958292276	39.6177978515625	13.163888931274414	369189.0	1.8166667222976685	170.33334350585938	67.81825256347656	0.5524159072516932	209.3392887716917	593.8494873046875	543.4861450195312	88177.0	306.5677917480469	1027.8917236328123	226.6012420654297	33.60890364216175
sub-09_task-rest_acq-moldOFF_run-1_bold	0.0005333888888888889	0.004319425472222222	0	28.4620448246518	1.0031584878830073	0.9817304620891371	0.46426412762377417	3773.729736328125	0.09256029199627443	12	3.3333333333333335	3.0831443219312966	2.7679998900095666	3.217508205481044	3.2639248703032786	0.00482601	0.016118962317705154	0.054174549877643585	360	90	90	66	2.414175416650549	0.800000011920929	2.4000000953674316	2.4000000953674316	2.4000000953674316	25.167800390050015	9.92931724716173	33.37051773071289	8.630556106567383	371967.0	1.408333420753479	163.29722595214844	67.46595764160156	1.242456192507925	183.24140858829446	577.8482055664062	528.5166625976562	84220.0	310.5547393798828	1021.8647247314453	218.92092895507812	43.16042150580324
sub-09_task-rest_acq-moldOFF_run-2_bold	0.00034125	0.0035672424444444443	0	26.795087229916405	1.0040709121169913	0.9896315411977717	0.4717909938668601	2520.8349609375	0.08682314338766783	0	0.0	3.0493568232738912	2.7750915563944356	3.2413915378653395	3.131587375561898	0.00610661	0.003679228713735938	0.052402570843696594	360	90	90	66	2.405668590241081	0.800000011920929	2.4000000953674316	2.4000000953674316	2.4000000953674316	19.949684792699507	12.75037964471604	38.94233703613281	11.119444847106934	374430.0	1.6527777910232544	190.55986175537106	72.90750885009766	0.4151445468162116	226.64874206543107	602.845703125	558.7028198242188	83171.0	306.2291717529297	1039.5208129882812	232.24290466308594	46.55002733319998
sub-09_task-rest_acq-moldON_run-1_bold	0.00036138888888888885	0.0034922009444444445	0	26.978681282757677	1.004405152423398	0.9907406374373259	0.47377277412823293	2763.971923828125	0.0798931210143416	0	0.0	3.0352832127220144	2.75609989048243	3.1951082063711405	3.154641541312474	0.00543264	0.013573008589446545	0.06219261512160301	360	90	90	66	2.4697857529469847	0.800000011920929	2.4000000953674316	2.4000000953674316	2.4000000953674316	21.629938162206297	11.646664769800065	36.68964767456055	10.188889503479004	370484.0	1.5722222328186035	175.86819610595683	70.89286041259766	0.5788120920757605	202.53170676503476	584.6759643554688	538.8111572265625	84766.0	307.6597213745117	1004.8701477050781	218.15980529785156	46.89100181683898
sub-09_task-rest_acq-moldON_run-2_bold	0.00039438547486033516	0.0032176436592178765	2	27.061776601708676	1.0268459582913172	1.006741417338935	0.47379728055762754	2502.773681640625	0.09123781317093271	0	0.0	2.9788498816311404	2.7339165580305833	3.1256373757983296	3.076995711064509	0.00792602	0.0012816408416256309	0.05774405598640442	358	90	90	66	2.493332727918435	0.800000011920929	2.4000000953674316	2.4000000953674316	2.4000000953674316	18.389297258399147	12.432322659579837	37.62681198120117	10.843575477600098	374786.0	1.597765326499939	180.91550064086914	69.30059051513672	0.2921501160503417	209.8047737455682	579.799560546875	539.4022216796875	82611.0	298.29469299316406	989.4929809570312	216.33653259277344	48.48824413365219
sub-10_task-rest_acq-moldOFF_run-1_bold	0.0005408333333333333	0.004605032833333333	0	28.95223192520892	1.096821430891366	0.9977542118384393	0.471084054265192	5705.560546875	0.10835032005808284	17	4.722222222222222	3.039190157011211	2.8096915550195556	3.207441539214391	3.1004373767996873	0.0119262	-0.012763174250721931	0.04902759566903114	360	90	90	66	2.594862679638629	0.800000011920929	2.4000000953674316	2.4000000953674316	2.4000000953674316	35.91561486219378	9.002690507115815	27.597185134887695	7.988889217376709	357978.0	1.4611111879348755	129.61944580078125	56.06147003173828	0.45633066838111214	214.98761501841696	642.2789306640625	592.4166870117188	100184.0	354.89569396972655	1079.2326477050779	228.3025360107422	47.27778321132064
sub-10_task-rest_acq-moldOFF_run-2_bold	0.0016463611111111112	0.008748073333333333	0	32.92198036103062	1.0249803402506967	0.9793721405013929	0.47636392397176275	5353.61328125	0.16172768812259974	66	18.333333333333332	3.0305012684675874	2.791529055741268	3.092466543783087	3.2075082058784083	0.0151971	-0.014039266854524612	0.03840268775820732	360	90	90	66	2.684855241872686	0.800000011920929	2.4000000953674316	2.4000000953674316	2.4000000953674316	35.81121613434	8.553791871258419	26.18502426147461	7.700000286102295	357317.0	1.4583333730697632	123.09500122070315	51.78905487060547	0.9383451853466296	192.93184835112518	593.6209716796875	553.8027954101562	101347.0	333.7083435058594	985.0442077636718	206.26812744140625	34.90810647374019
sub-10_task-rest_acq-moldON_run-1_bold	0.004269166666666666	0.0046563725	0	28.66344453484681	1.1072853780222842	1.0443465311420606	0.47180395594521757	4403.23828125	0.11500125047851982	33	9.166666666666666	3.1938345953106384	2.914966550836303	3.368349866153802	3.298187368941809	0.0137578	-0.016585927456617355	0.04996120184659958	360	90	90	66	2.368398145826947	0.800000011920929	2.4000000953674316	2.4000000953674316	2.4000000953674316	33.31789353497218	10.320560127676112	29.795080184936523	9.08055591583252	356814.0	1.5861111879348755	134.71389770507812	59.196224212646484	0.8427993186457869	230.87005010321596	657.8497924804688	597.897216796875	101193.0	351.2616638183594	1144.4128417968743	252.44668579101562	45.17691240739077
sub-10_task-rest_acq-moldON_run-2_bold	0.0005967222222222222	0.0036894874444444443	0	26.448757495682464	1.0615291678272982	1.0018665584401119	0.4730945435048019	4784.3154296875	0.071194903255712	1	0.2777777777777778	3.1885097052277587	2.9162790507841487	3.336254034095842	3.312996030803285	0.00897237	-0.019596800208091736	0.05430319905281067	360	90	90	66	2.380270042975702	0.800000011920929	2.4000000953674316	2.4000000953674316	2.3999998569488525	33.763554725605495	10.324677991937854	30.76639747619629	8.919445037841797	357958.0	1.4972223043441772	143.51472091674785	58.07396697998047	0.5652389345701239	243.9622222023542	659.6547241210938	604.4639282226562	100669.0	345.40167236328125	1137.6210937499998	253.9463653564453	48.814742277609184
sub-11_task-rest_acq-moldOFF_run-1_bold	0.0078235	0.024765475	0	51.217207693565456	1.0095779060167127	0.9803207797493041	0.44122894475587043	5732.8896484375	0.6207070191939285	200	55.55555555555556	3.2054026504065205	2.9187415506862977	3.2482332042601425	3.4492331962731204	0.0507134	-0.004476415924727917	0.06435394287109375	360	90	90	66	2.897797950926922	0.800000011920929	2.4000000953674316	2.4000000953674316	2.4000000953674316	37.64377052332974	7.890738666496657	22.775253295898438	7.050000190734863	382011.0	1.3638889789581299	99.58472442626953	44.78041076660156	1.5995079475792178	149.0303442981061	553.40087890625	517.0416870117188	80077.0	333.2338928222656	917.8528076171874	178.4246063232422	20.073690868652193
sub-11_task-rest_acq-moldOFF_run-2_bold	0.004576638888888889	0.017058286527777775	0	38.821374670000004	0.9659929175766022	0.9620249112534827	0.43804305830145446	4801.02197265625	0.300545933167398	197	54.72222222222222	3.086845710673105	2.851929053341188	3.0525748787015723	3.3560331999765554	0.0237433	-0.012137146666646004	0.053254980593919754	360	90	90	66	2.7895915625679497	0.800000011920929	2.4000000953674316	2.4000000953674316	2.4000000953674316	56.00852540703138	9.3156840692195	26.653499603271484	7.958333492279053	389437.0	1.3361111879348755	121.40277862548828	51.5616569519043	1.6248225210839662	162.3737642646565	572.2315063476562	532.2916870117188	75757.0	340.6805725097656	955.7155761718745	190.81222534179688	24.362675463431515
sub-11_task-rest_acq-moldON_run-1_bold	0.0034364444444444442	0.009256904694444443	0	35.98036839922005	1.0750025177158768	1.0282717118662952	0.44353457444370575	6469.8916015625	0.20928751384654246	113	31.38888888888889	2.8907318295770814	2.665949894064669	3.0051540472525735	3.0010915474140027	0.0363717	-0.005813831463456154	0.06494759023189545	360	90	90	66	3.2634259770291774	0.800000011920929	2.4000000953674316	2.4000000953674316	2.4000000953674316	47.032467182712026	7.478904520534037	22.834671020507812	6.7166666984558105	382000.0	1.3861111402511597	99.2838886260985	47.016605377197266	0.23451381587515563	156.57108323679014	559.537353515625	531.29443359375	79383.0	339.21278686523436	868.0833740234375	162.8016357421875	34.67946796678007
sub-11_task-rest_acq-moldON_run-2_bold	0.0019934166666666668	0.009541031861111111	0	32.88071377905295	1.0287403807520887	0.9945433687743734	0.4442940712224639	4636.11767578125	0.1294403506417078	44	12.222222222222221	2.959742937945938	2.7103582256333736	3.01970821334091	3.1491623748635305	0.017024	-0.013948436826467514	0.049127161502838135	360	90	90	66	3.0204705526218896	0.800000011920929	2.4000000953674316	2.4000000953674316	2.4000000953674316	48.75613167710897	9.455707537454826	26.8945255279541	8.144444465637207	387031.0	1.4416667222976685	122.66806030273438	51.626766204833984	0.4736971294928747	172.19602658497064	572.3257446289062	539.8861083984375	77168.0	334.9716735839844	907.600997924804	178.74122619628906	33.294810622464865
